-- phpMyAdmin SQL Dump
-- version 4.5.4.1
-- http://www.phpmyadmin.net
--
-- Хост: localhost
-- Время создания: Дек 18 2016 г., 20:25
-- Версия сервера: 5.6.33-79.0-log
-- Версия PHP: 5.6.18-pl0-gentoo

SET SQL_MODE = "NO_AUTO_VALUE_ON_ZERO";
SET time_zone = "+00:00";


/*!40101 SET @OLD_CHARACTER_SET_CLIENT=@@CHARACTER_SET_CLIENT */;
/*!40101 SET @OLD_CHARACTER_SET_RESULTS=@@CHARACTER_SET_RESULTS */;
/*!40101 SET @OLD_COLLATION_CONNECTION=@@COLLATION_CONNECTION */;
/*!40101 SET NAMES utf8mb4 */;

--
-- База данных: `quitecorg_map`
--

-- --------------------------------------------------------

--
-- Структура таблицы `country`
--

CREATE TABLE `country` (
  `id` int(11) UNSIGNED NOT NULL,
  `code2` varchar(255) NOT NULL,
  `local_code` varchar(50) NOT NULL
) ENGINE=InnoDB AVG_ROW_LENGTH=65 DEFAULT CHARSET=utf8 ROW_FORMAT=DYNAMIC;

--
-- Дамп данных таблицы `country`
--

INSERT INTO `country` (`id`, `code2`, `local_code`) VALUES
(1, 'AD', 'andorra'),
(2, 'AE', 'united_arab_emirates'),
(3, 'AF', 'afghanistan'),
(4, 'AG', 'antigua_and_barbuda'),
(5, 'AI', 'anguilla'),
(6, 'AL', 'albania'),
(7, 'AM', 'armenia'),
(8, 'AN', 'netherlands_antilles'),
(9, 'AO', 'angola'),
(10, 'AQ', 'antarctica'),
(11, 'AR', 'argentina'),
(12, 'AS', 'american_samoa'),
(13, 'AT', 'austria'),
(14, 'AU', 'australia'),
(15, 'AW', 'aruba'),
(16, 'AX', 'aland_islands'),
(17, 'AZ', 'azerbaijan'),
(18, 'BA', 'bosnia_and_herzegovina'),
(19, 'BB', 'barbados'),
(20, 'BD', 'bangladesh'),
(21, 'BE', 'belgium'),
(22, 'BF', 'burkina_faso'),
(23, 'BG', 'bulgaria'),
(24, 'BH', 'bahrain'),
(25, 'BI', 'burundi'),
(26, 'BJ', 'benin'),
(27, 'BL', 'saint_barthelemy'),
(28, 'BM', 'bermuda'),
(29, 'BN', 'brunei'),
(30, 'BO', 'bolivia'),
(31, 'BQ', 'bonaire,_saint_eustatius_and_saba_'),
(32, 'BR', 'brazil'),
(33, 'BS', 'bahamas'),
(34, 'BT', 'bhutan'),
(35, 'BV', 'bouvet_island'),
(36, 'BW', 'botswana'),
(37, 'BY', 'belarus'),
(38, 'BZ', 'belize'),
(39, 'CA', 'canada'),
(40, 'CC', 'cocos_islands'),
(41, 'CD', 'democratic_republic_of_the_congo'),
(42, 'CF', 'central_african_republic'),
(43, 'CG', 'republic_of_the_congo'),
(44, 'CH', 'switzerland'),
(45, 'CI', 'ivory_coast'),
(46, 'CK', 'cook_islands'),
(47, 'CL', 'chile'),
(48, 'CM', 'cameroon'),
(49, 'CN', 'china'),
(50, 'CO', 'colombia'),
(51, 'CR', 'costa_rica'),
(52, 'CU', 'cuba'),
(53, 'CV', 'cape_verde'),
(54, 'CW', 'curacao'),
(55, 'CX', 'christmas_island'),
(56, 'CY', 'cyprus'),
(57, 'CZ', 'czech_republic'),
(58, 'DE', 'germany'),
(59, 'DJ', 'djibouti'),
(60, 'DK', 'denmark'),
(61, 'DM', 'dominica'),
(62, 'DO', 'dominican_republic'),
(63, 'DZ', 'algeria'),
(64, 'EC', 'ecuador'),
(65, 'EE', 'estonia'),
(66, 'EG', 'egypt'),
(67, 'EH', 'western_sahara'),
(68, 'ER', 'eritrea'),
(69, 'ES', 'spain'),
(70, 'ET', 'ethiopia'),
(71, 'FI', 'finland'),
(72, 'FJ', 'fiji'),
(73, 'FK', 'falkland_islands'),
(74, 'FM', 'micronesia'),
(75, 'FO', 'faroe_islands'),
(76, 'FR', 'france'),
(77, 'GA', 'gabon'),
(78, 'GB', 'united_kingdom'),
(79, 'GD', 'grenada'),
(80, 'GE', 'georgia'),
(81, 'GF', 'french_guiana'),
(82, 'GG', 'guernsey'),
(83, 'GH', 'ghana'),
(84, 'GI', 'gibraltar'),
(85, 'GL', 'greenland'),
(86, 'GM', 'gambia'),
(87, 'GN', 'guinea'),
(88, 'GP', 'guadeloupe'),
(89, 'GQ', 'equatorial_guinea'),
(90, 'GR', 'greece'),
(91, 'GS', 'south_georgia_and_the_south_sandwich_islands'),
(92, 'GT', 'guatemala'),
(93, 'GU', 'guam'),
(94, 'GW', 'guinea-bissau'),
(95, 'GY', 'guyana'),
(96, 'HK', 'hong_kong'),
(97, 'HM', 'heard_island_and_mcdonald_islands'),
(98, 'HN', 'honduras'),
(99, 'HR', 'croatia'),
(100, 'HT', 'haiti'),
(101, 'HU', 'hungary'),
(102, 'ID', 'indonesia'),
(103, 'IE', 'ireland'),
(104, 'IL', 'israel'),
(105, 'IM', 'isle_of_man'),
(106, 'IN', 'india'),
(107, 'IO', 'british_indian_ocean_territory'),
(108, 'IQ', 'iraq'),
(109, 'IR', 'iran'),
(110, 'IS', 'iceland'),
(111, 'IT', 'italy'),
(112, 'JE', 'jersey'),
(113, 'JM', 'jamaica'),
(114, 'JO', 'jordan'),
(115, 'JP', 'japan'),
(116, 'KE', 'kenya'),
(117, 'KG', 'kyrgyzstan'),
(118, 'KH', 'cambodia'),
(119, 'KI', 'kiribati'),
(120, 'KM', 'comoros'),
(121, 'KN', 'saint_kitts_and_nevis'),
(122, 'KP', 'north_korea'),
(123, 'KR', 'south_korea'),
(124, 'KW', 'kuwait'),
(125, 'KY', 'cayman_islands'),
(126, 'KZ', 'kazakhstan'),
(127, 'LA', 'laos'),
(128, 'LB', 'lebanon'),
(129, 'LC', 'saint_lucia'),
(130, 'LI', 'liechtenstein'),
(131, 'LK', 'sri_lanka'),
(132, 'LR', 'liberia'),
(133, 'LS', 'lesotho'),
(134, 'LT', 'lithuania'),
(135, 'LU', 'luxembourg'),
(136, 'LV', 'latvia'),
(137, 'LY', 'libya'),
(138, 'MA', 'morocco'),
(139, 'MC', 'monaco'),
(140, 'MD', 'moldova'),
(141, 'ME', 'montenegro'),
(142, 'MF', 'saint_martin'),
(143, 'MG', 'madagascar'),
(144, 'MH', 'marshall_islands'),
(145, 'MK', 'macedonia'),
(146, 'ML', 'mali'),
(147, 'MM', 'myanmar_burma'),
(148, 'MN', 'mongolia'),
(149, 'MO', 'macao'),
(150, 'MP', 'northern_mariana_islands'),
(151, 'MQ', 'martinique'),
(152, 'MR', 'mauritania'),
(153, 'MS', 'montserrat'),
(154, 'MT', 'malta'),
(155, 'MU', 'mauritius'),
(156, 'MV', 'maldives'),
(157, 'MW', 'malawi'),
(158, 'MX', 'mexico'),
(159, 'MY', 'malaysia'),
(160, 'MZ', 'mozambique'),
(161, 'NA', 'namibia'),
(162, 'NC', 'new_caledonia'),
(163, 'NE', 'niger'),
(164, 'NF', 'norfolk_island'),
(165, 'NG', 'nigeria'),
(166, 'NI', 'nicaragua'),
(167, 'NL', 'netherlands'),
(168, 'NO', 'norway'),
(169, 'NP', 'nepal'),
(170, 'NR', 'nauru'),
(171, 'NU', 'niue'),
(172, 'NZ', 'new_zealand'),
(173, 'OM', 'oman'),
(174, 'PA', 'panama'),
(175, 'PE', 'peru'),
(176, 'PF', 'french_polynesia'),
(177, 'PG', 'papua_new_guinea'),
(178, 'PH', 'philippines'),
(179, 'PK', 'pakistan'),
(180, 'PL', 'poland'),
(181, 'PM', 'saint_pierre_and_miquelon'),
(182, 'PN', 'pitcairn'),
(183, 'PR', 'puerto_rico'),
(184, 'PS', 'palestinian_territory'),
(185, 'PT', 'portugal'),
(186, 'PW', 'palau'),
(187, 'PY', 'paraguay'),
(188, 'QA', 'qatar'),
(189, 'RE', 'reunion'),
(190, 'RO', 'romania'),
(191, 'RS', 'serbia'),
(192, 'RU', 'russia'),
(193, 'RW', 'rwanda'),
(194, 'SA', 'saudi_arabia'),
(195, 'SB', 'solomon_islands'),
(196, 'SC', 'seychelles'),
(197, 'SD', 'sudan'),
(198, 'SE', 'sweden'),
(199, 'SG', 'singapore'),
(200, 'SH', 'saint_helena'),
(201, 'SI', 'slovenia'),
(202, 'SJ', 'svalbard_and_jan_mayen'),
(203, 'SK', 'slovakia'),
(204, 'SL', 'sierra_leone'),
(205, 'SM', 'san_marino'),
(206, 'SN', 'senegal'),
(207, 'SO', 'somalia'),
(208, 'SR', 'suriname'),
(209, 'SS', 'south_sudan'),
(210, 'ST', 'sao_tome_and_principe'),
(211, 'SV', 'el_salvador'),
(212, 'SX', 'sint_maarten'),
(213, 'SY', 'syria'),
(214, 'SZ', 'swaziland'),
(215, 'TC', 'turks_and_caicos_islands'),
(216, 'TD', 'chad'),
(217, 'TF', 'french_southern_territories'),
(218, 'TG', 'togo'),
(219, 'TH', 'thailand'),
(220, 'TJ', 'tajikistan'),
(221, 'TK', 'tokelau'),
(222, 'TL', 'east_timor'),
(223, 'TM', 'turkmenistan'),
(224, 'TN', 'tunisia'),
(225, 'TO', 'tonga'),
(226, 'TR', 'turkey'),
(227, 'TT', 'trinidad_and_tobago'),
(228, 'TV', 'tuvalu'),
(229, 'TW', 'taiwan'),
(230, 'TZ', 'tanzania'),
(231, 'UA', 'ukraine'),
(232, 'UG', 'uganda'),
(233, 'UM', 'united_states_minor_outlying_islands'),
(234, 'US', 'united_states'),
(235, 'UY', 'uruguay'),
(236, 'UZ', 'uzbekistan'),
(237, 'VA', 'vatican_city'),
(238, 'VC', 'saint_vincent_and_the_grenadines'),
(239, 'VE', 'venezuela'),
(240, 'VG', 'british_virgin_islands'),
(241, 'VI', 'u.s._virgin_islands'),
(242, 'VN', 'vietnam'),
(243, 'VU', 'vanuatu'),
(244, 'WF', 'wallis_and_futuna'),
(245, 'WS', 'samoa'),
(246, 'XK', 'kosovo'),
(247, 'YE', 'yemen'),
(248, 'YT', 'mayotte'),
(249, 'ZA', 'south_africa'),
(250, 'ZM', 'zambia'),
(251, 'ZW', 'zimbabwe');

-- --------------------------------------------------------

--
-- Структура таблицы `country_name`
--

CREATE TABLE `country_name` (
  `id` int(11) NOT NULL,
  `country_id` int(11) UNSIGNED NOT NULL,
  `name` varchar(255) NOT NULL,
  `language` varchar(255) NOT NULL
) ENGINE=InnoDB AVG_ROW_LENGTH=71 DEFAULT CHARSET=utf8 ROW_FORMAT=DYNAMIC;

--
-- Дамп данных таблицы `country_name`
--

INSERT INTO `country_name` (`id`, `country_id`, `name`, `language`) VALUES
(1, 1, 'Андорра', 'RU'),
(2, 2, 'ОАЭ', 'RU'),
(3, 3, 'Афганистан', 'RU'),
(4, 4, 'Антигуа и Барбуда', 'RU'),
(5, 5, 'Ангилья', 'RU'),
(6, 6, 'Албания', 'RU'),
(7, 7, 'Армения', 'RU'),
(8, 8, 'Нид. Антильские о-ва', 'RU'),
(9, 9, 'Ангола', 'RU'),
(10, 10, 'Антарктида', 'RU'),
(11, 11, 'Аргентина', 'RU'),
(12, 12, 'Американское Самоа', 'RU'),
(13, 13, 'Австрия', 'RU'),
(14, 14, 'Австралия', 'RU'),
(15, 15, 'Аруба', 'RU'),
(16, 16, 'Эландские острова', 'RU'),
(17, 17, 'Азербайджан', 'RU'),
(18, 18, 'Босния и Герцеговина', 'RU'),
(19, 19, 'Барбадос', 'RU'),
(20, 20, 'Бангладеш', 'RU'),
(21, 21, 'Бельгия', 'RU'),
(22, 22, 'Буркина-Фасо', 'RU'),
(23, 23, 'Болгария', 'RU'),
(24, 24, 'Бахрейн', 'RU'),
(25, 25, 'Бурунди', 'RU'),
(26, 26, 'Бенин', 'RU'),
(27, 27, 'Сен-Бартельми', 'RU'),
(28, 28, 'Бермуды', 'RU'),
(29, 29, 'Бруней-Даруссалам', 'RU'),
(30, 30, 'Боливия', 'RU'),
(31, 31, 'Бонайре, Саба и С.Э.', 'RU'),
(32, 32, 'Бразилия', 'RU'),
(33, 33, 'Багамы', 'RU'),
(34, 34, 'Бутан', 'RU'),
(35, 35, 'Остров Буве', 'RU'),
(36, 36, 'Ботсвана', 'RU'),
(37, 37, 'Беларусь', 'RU'),
(38, 38, 'Белиз', 'RU'),
(39, 39, 'Канада', 'RU'),
(40, 40, 'Кокосовые (Килинг) о-ва', 'RU'),
(41, 41, 'Конго, Дем. Рес-ка', 'RU'),
(42, 42, 'Цент.-Афр. Республика', 'RU'),
(43, 43, 'Конго', 'RU'),
(44, 44, 'Швейцария', 'RU'),
(45, 45, 'Кот д\'Ивуар', 'RU'),
(46, 46, 'Острова Кука', 'RU'),
(47, 47, 'Чили', 'RU'),
(48, 48, 'Камерун', 'RU'),
(49, 49, 'Китай', 'RU'),
(50, 50, 'Колумбия', 'RU'),
(51, 51, 'Коста-Рика', 'RU'),
(52, 52, 'Куба', 'RU'),
(53, 53, 'Кабо-Верде', 'RU'),
(54, 54, 'Кюрасао', 'RU'),
(55, 55, 'Остров Рождества', 'RU'),
(56, 56, 'Кипр', 'RU'),
(57, 57, 'Чешская Республика', 'RU'),
(58, 58, 'Германия', 'RU'),
(59, 59, 'Джибути', 'RU'),
(60, 60, 'Дания', 'RU'),
(61, 61, 'Доминика', 'RU'),
(62, 62, 'Доминиканская Респ.', 'RU'),
(63, 63, 'Алжир', 'RU'),
(64, 64, 'Эквадор', 'RU'),
(65, 65, 'Эстония', 'RU'),
(66, 66, 'Египет', 'RU'),
(67, 67, 'Западная Сахара', 'RU'),
(68, 68, 'Эритрея', 'RU'),
(69, 69, 'Испания', 'RU'),
(70, 70, 'Эфиопия', 'RU'),
(71, 71, 'Финляндия', 'RU'),
(72, 72, 'Фиджи', 'RU'),
(73, 73, 'Фолклендские острова', 'RU'),
(74, 74, 'Микронезия, Фед. Шт.', 'RU'),
(75, 75, 'Фарерские острова', 'RU'),
(76, 76, 'Франция', 'RU'),
(77, 77, 'Габон', 'RU'),
(78, 78, 'Великобритания', 'RU'),
(79, 79, 'Гренада', 'RU'),
(80, 80, 'Грузия', 'RU'),
(81, 81, 'Французская Гвиана', 'RU'),
(82, 82, 'Гернси', 'RU'),
(83, 83, 'Гана', 'RU'),
(84, 84, 'Гибралтар', 'RU'),
(85, 85, 'Гренландия', 'RU'),
(86, 86, 'Гамбия', 'RU'),
(87, 87, 'Гвинея', 'RU'),
(88, 88, 'Гваделупа', 'RU'),
(89, 89, 'Экваториальная Гвинея', 'RU'),
(90, 90, 'Греция', 'RU'),
(91, 91, 'Юж. Джорджия и Юж. Сандвичевы о-ва', 'RU'),
(92, 92, 'Гватемала', 'RU'),
(93, 93, 'Гуам', 'RU'),
(94, 94, 'Гвинея-Бисау', 'RU'),
(95, 95, 'Гайана', 'RU'),
(96, 96, 'Гонконг', 'RU'),
(97, 97, 'О. Херд и о. Макдональд', 'RU'),
(98, 98, 'Гондурас', 'RU'),
(99, 99, 'Хорватия', 'RU'),
(100, 100, 'Гаити', 'RU'),
(101, 101, 'Венгрия', 'RU'),
(102, 102, 'Индонезия', 'RU'),
(103, 103, 'Ирландия', 'RU'),
(104, 104, 'Израиль', 'RU'),
(105, 105, 'Остров Мэн', 'RU'),
(106, 106, 'Индия', 'RU'),
(107, 107, 'Британская т-я в И. о.', 'RU'),
(108, 108, 'Ирак', 'RU'),
(109, 109, 'Иран, Исламская Рес-ка', 'RU'),
(110, 110, 'Исландия', 'RU'),
(111, 111, 'Италия', 'RU'),
(112, 112, 'Джерси', 'RU'),
(113, 113, 'Ямайка', 'RU'),
(114, 114, 'Иордания', 'RU'),
(115, 115, 'Япония', 'RU'),
(116, 116, 'Кения', 'RU'),
(117, 117, 'Кыргызстан', 'RU'),
(118, 118, 'Камбоджа', 'RU'),
(119, 119, 'Кирибати', 'RU'),
(120, 120, 'Коморы', 'RU'),
(121, 121, 'Сент-Китс и Невис', 'RU'),
(122, 122, 'Корея, Нар.-Дем. Рес-ка', 'RU'),
(123, 123, 'Корея, Республика', 'RU'),
(124, 124, 'Кувейт', 'RU'),
(125, 125, 'Острова Кайман', 'RU'),
(126, 126, 'Казахстан', 'RU'),
(127, 127, 'Лаос', 'RU'),
(128, 128, 'Ливан', 'RU'),
(129, 129, 'Сент-Люсия', 'RU'),
(130, 130, 'Лихтенштейн', 'RU'),
(131, 131, 'Шри-Ланка', 'RU'),
(132, 132, 'Либерия', 'RU'),
(133, 133, 'Лесото', 'RU'),
(134, 134, 'Литва', 'RU'),
(135, 135, 'Люксембург', 'RU'),
(136, 136, 'Латвия', 'RU'),
(137, 137, 'Ливия', 'RU'),
(138, 138, 'Марокко', 'RU'),
(139, 139, 'Монако', 'RU'),
(140, 140, 'Молдова, Республика', 'RU'),
(141, 141, 'Черногория', 'RU'),
(142, 142, 'Сен-Мартен', 'RU'),
(143, 143, 'Мадагаскар', 'RU'),
(144, 144, 'Маршалловы острова', 'RU'),
(145, 145, 'Македония', 'RU'),
(146, 146, 'Мали', 'RU'),
(147, 147, 'Мьянма', 'RU'),
(148, 148, 'Монголия', 'RU'),
(149, 149, 'Макао', 'RU'),
(150, 150, 'Сев. Марианские о-ва', 'RU'),
(151, 151, 'Мартиника', 'RU'),
(152, 152, 'Мавритания', 'RU'),
(153, 153, 'Монтсеррат', 'RU'),
(154, 154, 'Мальта', 'RU'),
(155, 155, 'Маврикий', 'RU'),
(156, 156, 'Мальдивы', 'RU'),
(157, 157, 'Малави', 'RU'),
(158, 158, 'Мексика', 'RU'),
(159, 159, 'Малайзия', 'RU'),
(160, 160, 'Мозамбик', 'RU'),
(161, 161, 'Намибия', 'RU'),
(162, 162, 'Новая Каледония', 'RU'),
(163, 163, 'Нигер', 'RU'),
(164, 164, 'Остров Норфолк', 'RU'),
(165, 165, 'Нигерия', 'RU'),
(166, 166, 'Никарагуа', 'RU'),
(167, 167, 'Нидерланды', 'RU'),
(168, 168, 'Норвегия', 'RU'),
(169, 169, 'Непал', 'RU'),
(170, 170, 'Науру', 'RU'),
(171, 171, 'Ниуэ', 'RU'),
(172, 172, 'Новая Зеландия', 'RU'),
(173, 173, 'Оман', 'RU'),
(174, 174, 'Панама', 'RU'),
(175, 175, 'Перу', 'RU'),
(176, 176, 'Французская Полинезия', 'RU'),
(177, 177, 'Папуа-Новая Гвинея', 'RU'),
(178, 178, 'Филиппины', 'RU'),
(179, 179, 'Пакистан', 'RU'),
(180, 180, 'Польша', 'RU'),
(181, 181, 'Сент-Пьер и Микелон', 'RU'),
(182, 182, 'Питкерн', 'RU'),
(183, 183, 'Пуэрто-Рико', 'RU'),
(184, 184, 'Палестинская тер-ия', 'RU'),
(185, 185, 'Португалия', 'RU'),
(186, 186, 'Палау', 'RU'),
(187, 187, 'Парагвай', 'RU'),
(188, 188, 'Катар', 'RU'),
(189, 189, 'Реюньон', 'RU'),
(190, 190, 'Румыния', 'RU'),
(191, 191, 'Сербия', 'RU'),
(192, 192, 'Россия', 'RU'),
(193, 193, 'Руанда', 'RU'),
(194, 194, 'Саудовская Аравия', 'RU'),
(195, 195, 'Соломоновы острова', 'RU'),
(196, 196, 'Сейшелы', 'RU'),
(197, 197, 'Судан', 'RU'),
(198, 198, 'Швеция', 'RU'),
(199, 199, 'Сингапур', 'RU'),
(200, 200, 'Святая Елена', 'RU'),
(201, 201, 'Словения', 'RU'),
(202, 202, 'Шпицберген и Ян Майен', 'RU'),
(203, 203, 'Словакия', 'RU'),
(204, 204, 'Сьерра-Леоне', 'RU'),
(205, 205, 'Сан-Марино', 'RU'),
(206, 206, 'Сенегал', 'RU'),
(207, 207, 'Сомали', 'RU'),
(208, 208, 'Суринам', 'RU'),
(209, 209, 'Южный Судан', 'RU'),
(210, 210, 'Сан-Томе и Принсипи', 'RU'),
(211, 211, 'Эль-Сальвадор', 'RU'),
(212, 212, 'Синт-Мартен', 'RU'),
(213, 213, 'Сирия', 'RU'),
(214, 214, 'Свазиленд', 'RU'),
(215, 215, 'Острова Теркс и Кайкос', 'RU'),
(216, 216, 'Чад', 'RU'),
(217, 217, 'Французские Юж. тер.', 'RU'),
(218, 218, 'Того', 'RU'),
(219, 219, 'Таиланд', 'RU'),
(220, 220, 'Таджикистан', 'RU'),
(221, 221, 'Токелау', 'RU'),
(222, 222, 'Тимор-Лесте', 'RU'),
(223, 223, 'Туркмения', 'RU'),
(224, 224, 'Тунис', 'RU'),
(225, 225, 'Тонга', 'RU'),
(226, 226, 'Турция', 'RU'),
(227, 227, 'Тринидад и Тобаго', 'RU'),
(228, 228, 'Тувалу', 'RU'),
(229, 229, 'Тайвань (Китай)', 'RU'),
(230, 230, 'Танзания', 'RU'),
(231, 231, 'Украина', 'RU'),
(232, 232, 'Уганда', 'RU'),
(233, 233, 'Мал. Тихоокеанские отд. о-ва США', 'RU'),
(234, 234, 'Соединенные Штаты', 'RU'),
(235, 235, 'Уругвай', 'RU'),
(236, 236, 'Узбекистан', 'RU'),
(237, 237, 'Ватикан', 'RU'),
(238, 238, 'Сент-Винсент и Гренад.', 'RU'),
(239, 239, 'Венесуэла', 'RU'),
(240, 240, 'Виргинские о-ва, Брит.', 'RU'),
(241, 241, 'Виргинские о-ва, США', 'RU'),
(242, 242, 'Вьетнам', 'RU'),
(243, 243, 'Вануату', 'RU'),
(244, 244, 'Уоллис и Футуна', 'RU'),
(245, 245, 'Самоа', 'RU'),
(246, 246, 'Косово', 'RU'),
(247, 247, 'Йемен', 'RU'),
(248, 248, 'Майотта', 'RU'),
(249, 249, 'Южная Африка', 'RU'),
(250, 250, 'Замбия', 'RU'),
(251, 251, 'Зимбабве', 'RU'),
(252, 1, 'Andorra', 'EN'),
(253, 2, 'United Arab Emirates', 'EN'),
(254, 3, 'Afghanistan', 'EN'),
(255, 4, 'Antigua and Barbuda', 'EN'),
(256, 5, 'Anguilla', 'EN'),
(257, 6, 'Albania', 'EN'),
(258, 7, 'Armenia', 'EN'),
(259, 8, 'Netherlands Antilles', 'EN'),
(260, 9, 'Angola', 'EN'),
(261, 10, 'Antarctica', 'EN'),
(262, 11, 'Argentina', 'EN'),
(263, 12, 'American Samoa', 'EN'),
(264, 13, 'Austria', 'EN'),
(265, 14, 'Australia', 'EN'),
(266, 15, 'Aruba', 'EN'),
(267, 16, 'Aland Islands', 'EN'),
(268, 17, 'Azerbaijan', 'EN'),
(269, 18, 'Bosnia and Herzegovina', 'EN'),
(270, 19, 'Barbados', 'EN'),
(271, 20, 'Bangladesh', 'EN'),
(272, 21, 'Belgium', 'EN'),
(273, 22, 'Burkina Faso', 'EN'),
(274, 23, 'Bulgaria', 'EN'),
(275, 24, 'Bahrain', 'EN'),
(276, 25, 'Burundi', 'EN'),
(277, 26, 'Benin', 'EN'),
(278, 27, 'Saint Barthelemy', 'EN'),
(279, 28, 'Bermuda', 'EN'),
(280, 29, 'Brunei', 'EN'),
(281, 30, 'Bolivia', 'EN'),
(282, 31, 'Bonaire, Saint Eustatius and Saba ', 'EN'),
(283, 32, 'Brazil', 'EN'),
(284, 33, 'Bahamas', 'EN'),
(285, 34, 'Bhutan', 'EN'),
(286, 35, 'Bouvet Island', 'EN'),
(287, 36, 'Botswana', 'EN'),
(288, 37, 'Belarus', 'EN'),
(289, 38, 'Belize', 'EN'),
(290, 39, 'Canada', 'EN'),
(291, 40, 'Cocos Islands', 'EN'),
(292, 41, 'Democratic Republic of the Congo', 'EN'),
(293, 42, 'Central African Republic', 'EN'),
(294, 43, 'Republic of the Congo', 'EN'),
(295, 44, 'Switzerland', 'EN'),
(296, 45, 'Ivory Coast', 'EN'),
(297, 46, 'Cook Islands', 'EN'),
(298, 47, 'Chile', 'EN'),
(299, 48, 'Cameroon', 'EN'),
(300, 49, 'China', 'EN'),
(301, 50, 'Colombia', 'EN'),
(302, 51, 'Costa Rica', 'EN'),
(303, 52, 'Cuba', 'EN'),
(304, 53, 'Cape Verde', 'EN'),
(305, 54, 'Curacao', 'EN'),
(306, 55, 'Christmas Island', 'EN'),
(307, 56, 'Cyprus', 'EN'),
(308, 57, 'Czech Republic', 'EN'),
(309, 58, 'Germany', 'EN'),
(310, 59, 'Djibouti', 'EN'),
(311, 60, 'Denmark', 'EN'),
(312, 61, 'Dominica', 'EN'),
(313, 62, 'Dominican Republic', 'EN'),
(314, 63, 'Algeria', 'EN'),
(315, 64, 'Ecuador', 'EN'),
(316, 65, 'Estonia', 'EN'),
(317, 66, 'Egypt', 'EN'),
(318, 67, 'Western Sahara', 'EN'),
(319, 68, 'Eritrea', 'EN'),
(320, 69, 'Spain', 'EN'),
(321, 70, 'Ethiopia', 'EN'),
(322, 71, 'Finland', 'EN'),
(323, 72, 'Fiji', 'EN'),
(324, 73, 'Falkland Islands', 'EN'),
(325, 74, 'Micronesia', 'EN'),
(326, 75, 'Faroe Islands', 'EN'),
(327, 76, 'France', 'EN'),
(328, 77, 'Gabon', 'EN'),
(329, 78, 'United Kingdom', 'EN'),
(330, 79, 'Grenada', 'EN'),
(331, 80, 'Georgia', 'EN'),
(332, 81, 'French Guiana', 'EN'),
(333, 82, 'Guernsey', 'EN'),
(334, 83, 'Ghana', 'EN'),
(335, 84, 'Gibraltar', 'EN'),
(336, 85, 'Greenland', 'EN'),
(337, 86, 'Gambia', 'EN'),
(338, 87, 'Guinea', 'EN'),
(339, 88, 'Guadeloupe', 'EN'),
(340, 89, 'Equatorial Guinea', 'EN'),
(341, 90, 'Greece', 'EN'),
(342, 91, 'South Georgia and the South Sandwich Islands', 'EN'),
(343, 92, 'Guatemala', 'EN'),
(344, 93, 'Guam', 'EN'),
(345, 94, 'Guinea-Bissau', 'EN'),
(346, 95, 'Guyana', 'EN'),
(347, 96, 'Hong Kong', 'EN'),
(348, 97, 'Heard Island and McDonald Islands', 'EN'),
(349, 98, 'Honduras', 'EN'),
(350, 99, 'Croatia', 'EN'),
(351, 100, 'Haiti', 'EN'),
(352, 101, 'Hungary', 'EN'),
(353, 102, 'Indonesia', 'EN'),
(354, 103, 'Ireland', 'EN'),
(355, 104, 'Israel', 'EN'),
(356, 105, 'Isle of Man', 'EN'),
(357, 106, 'India', 'EN'),
(358, 107, 'British Indian Ocean Territory', 'EN'),
(359, 108, 'Iraq', 'EN'),
(360, 109, 'Iran', 'EN'),
(361, 110, 'Iceland', 'EN'),
(362, 111, 'Italy', 'EN'),
(363, 112, 'Jersey', 'EN'),
(364, 113, 'Jamaica', 'EN'),
(365, 114, 'Jordan', 'EN'),
(366, 115, 'Japan', 'EN'),
(367, 116, 'Kenya', 'EN'),
(368, 117, 'Kyrgyzstan', 'EN'),
(369, 118, 'Cambodia', 'EN'),
(370, 119, 'Kiribati', 'EN'),
(371, 120, 'Comoros', 'EN'),
(372, 121, 'Saint Kitts and Nevis', 'EN'),
(373, 122, 'North Korea', 'EN'),
(374, 123, 'South Korea', 'EN'),
(375, 124, 'Kuwait', 'EN'),
(376, 125, 'Cayman Islands', 'EN'),
(377, 126, 'Kazakhstan', 'EN'),
(378, 127, 'Laos', 'EN'),
(379, 128, 'Lebanon', 'EN'),
(380, 129, 'Saint Lucia', 'EN'),
(381, 130, 'Liechtenstein', 'EN'),
(382, 131, 'Sri Lanka', 'EN'),
(383, 132, 'Liberia', 'EN'),
(384, 133, 'Lesotho', 'EN'),
(385, 134, 'Lithuania', 'EN'),
(386, 135, 'Luxembourg', 'EN'),
(387, 136, 'Latvia', 'EN'),
(388, 137, 'Libya', 'EN'),
(389, 138, 'Morocco', 'EN'),
(390, 139, 'Monaco', 'EN'),
(391, 140, 'Moldova', 'EN'),
(392, 141, 'Montenegro', 'EN'),
(393, 142, 'Saint Martin', 'EN'),
(394, 143, 'Madagascar', 'EN'),
(395, 144, 'Marshall Islands', 'EN'),
(396, 145, 'Macedonia', 'EN'),
(397, 146, 'Mali', 'EN'),
(398, 147, 'Myanmar', 'EN'),
(399, 148, 'Mongolia', 'EN'),
(400, 149, 'Macao', 'EN'),
(401, 150, 'Northern Mariana Islands', 'EN'),
(402, 151, 'Martinique', 'EN'),
(403, 152, 'Mauritania', 'EN'),
(404, 153, 'Montserrat', 'EN'),
(405, 154, 'Malta', 'EN'),
(406, 155, 'Mauritius', 'EN'),
(407, 156, 'Maldives', 'EN'),
(408, 157, 'Malawi', 'EN'),
(409, 158, 'Mexico', 'EN'),
(410, 159, 'Malaysia', 'EN'),
(411, 160, 'Mozambique', 'EN'),
(412, 161, 'Namibia', 'EN'),
(413, 162, 'New Caledonia', 'EN'),
(414, 163, 'Niger', 'EN'),
(415, 164, 'Norfolk Island', 'EN'),
(416, 165, 'Nigeria', 'EN'),
(417, 166, 'Nicaragua', 'EN'),
(418, 167, 'Netherlands', 'EN'),
(419, 168, 'Norway', 'EN'),
(420, 169, 'Nepal', 'EN'),
(421, 170, 'Nauru', 'EN'),
(422, 171, 'Niue', 'EN'),
(423, 172, 'New Zealand', 'EN'),
(424, 173, 'Oman', 'EN'),
(425, 174, 'Panama', 'EN'),
(426, 175, 'Peru', 'EN'),
(427, 176, 'French Polynesia', 'EN'),
(428, 177, 'Papua New Guinea', 'EN'),
(429, 178, 'Philippines', 'EN'),
(430, 179, 'Pakistan', 'EN'),
(431, 180, 'Poland', 'EN'),
(432, 181, 'Saint Pierre and Miquelon', 'EN'),
(433, 182, 'Pitcairn', 'EN'),
(434, 183, 'Puerto Rico', 'EN'),
(435, 184, 'Palestinian Territory', 'EN'),
(436, 185, 'Portugal', 'EN'),
(437, 186, 'Palau', 'EN'),
(438, 187, 'Paraguay', 'EN'),
(439, 188, 'Qatar', 'EN'),
(440, 189, 'Reunion', 'EN'),
(441, 190, 'Romania', 'EN'),
(442, 191, 'Serbia', 'EN'),
(443, 192, 'Russia', 'EN'),
(444, 193, 'Rwanda', 'EN'),
(445, 194, 'Saudi Arabia', 'EN'),
(446, 195, 'Solomon Islands', 'EN'),
(447, 196, 'Seychelles', 'EN'),
(448, 197, 'Sudan', 'EN'),
(449, 198, 'Sweden', 'EN'),
(450, 199, 'Singapore', 'EN'),
(451, 200, 'Saint Helena', 'EN'),
(452, 201, 'Slovenia', 'EN'),
(453, 202, 'Svalbard and Jan Mayen', 'EN'),
(454, 203, 'Slovakia', 'EN'),
(455, 204, 'Sierra Leone', 'EN'),
(456, 205, 'San Marino', 'EN'),
(457, 206, 'Senegal', 'EN'),
(458, 207, 'Somalia', 'EN'),
(459, 208, 'Suriname', 'EN'),
(460, 209, 'South Sudan', 'EN'),
(461, 210, 'Sao Tome and Principe', 'EN'),
(462, 211, 'El Salvador', 'EN'),
(463, 212, 'Sint Maarten', 'EN'),
(464, 213, 'Syria', 'EN'),
(465, 214, 'Swaziland', 'EN'),
(466, 215, 'Turks and Caicos Islands', 'EN'),
(467, 216, 'Chad', 'EN'),
(468, 217, 'French Southern Territories', 'EN'),
(469, 218, 'Togo', 'EN'),
(470, 219, 'Thailand', 'EN'),
(471, 220, 'Tajikistan', 'EN'),
(472, 221, 'Tokelau', 'EN'),
(473, 222, 'East Timor', 'EN'),
(474, 223, 'Turkmenistan', 'EN'),
(475, 224, 'Tunisia', 'EN'),
(476, 225, 'Tonga', 'EN'),
(477, 226, 'Turkey', 'EN'),
(478, 227, 'Trinidad and Tobago', 'EN'),
(479, 228, 'Tuvalu', 'EN'),
(480, 229, 'Taiwan', 'EN'),
(481, 230, 'Tanzania', 'EN'),
(482, 231, 'Ukraine', 'EN'),
(483, 232, 'Uganda', 'EN'),
(484, 233, 'United States Minor Outlying Islands', 'EN'),
(485, 234, 'United States', 'EN'),
(486, 235, 'Uruguay', 'EN'),
(487, 236, 'Uzbekistan', 'EN'),
(488, 237, 'Vatican', 'EN'),
(489, 238, 'Saint Vincent and the Grenadines', 'EN'),
(490, 239, 'Venezuela', 'EN'),
(491, 240, 'British Virgin Islands', 'EN'),
(492, 241, 'U.S. Virgin Islands', 'EN'),
(493, 242, 'Vietnam', 'EN'),
(494, 243, 'Vanuatu', 'EN'),
(495, 244, 'Wallis and Futuna', 'EN'),
(496, 245, 'Samoa', 'EN'),
(497, 246, 'Kosovo', 'EN'),
(498, 247, 'Yemen', 'EN'),
(499, 248, 'Mayotte', 'EN'),
(500, 249, 'South Africa', 'EN'),
(501, 250, 'Zambia', 'EN'),
(502, 251, 'Zimbabwe', 'EN');

-- --------------------------------------------------------

--
-- Структура таблицы `country_params`
--

CREATE TABLE `country_params` (
  `id` int(11) NOT NULL,
  `country_id` int(11) UNSIGNED NOT NULL,
  `has_states` tinyint(4) UNSIGNED NOT NULL
) ENGINE=InnoDB AVG_ROW_LENGTH=315 DEFAULT CHARSET=utf8;

--
-- Дамп данных таблицы `country_params`
--

INSERT INTO `country_params` (`id`, `country_id`, `has_states`) VALUES
(1, 192, 1),
(2, 13, 1),
(3, 231, 1),
(4, 58, 1),
(5, 111, 1),
(6, 76, 1),
(7, 104, 1),
(8, 37, 1),
(9, 78, 0),
(10, 44, 1),
(11, 190, 1),
(12, 69, 1),
(13, 57, 1),
(14, 90, 0),
(15, 118, 1),
(16, 165, 1),
(17, 249, 1),
(18, 143, 1),
(19, 14, 1),
(20, 178, 1),
(21, 50, 1),
(22, 226, 1),
(23, 219, 1),
(24, 102, 1),
(25, 138, 1),
(26, 175, 1),
(27, 32, 1),
(28, 11, 1),
(29, 52, 1),
(30, 158, 1),
(31, 234, 1),
(32, 66, 1),
(33, 194, 1),
(34, 108, 1),
(35, 49, 1),
(36, 115, 1),
(37, 106, 1),
(38, 180, 1),
(39, 237, 0),
(40, 110, 0),
(41, 39, 1),
(42, 47, 1),
(43, 123, 1),
(44, 159, 1),
(45, 199, 0),
(46, 236, 1),
(47, 126, 1),
(48, 23, 1),
(49, 71, 0),
(50, 198, 1),
(51, 168, 1),
(52, 99, 1);

-- --------------------------------------------------------

--
-- Структура таблицы `country_states`
--

CREATE TABLE `country_states` (
  `id` int(11) UNSIGNED NOT NULL,
  `url_code` varchar(255) NOT NULL,
  `country_id` int(11) UNSIGNED NOT NULL
) ENGINE=InnoDB AVG_ROW_LENGTH=122 DEFAULT CHARSET=utf8;

--
-- Дамп данных таблицы `country_states`
--

INSERT INTO `country_states` (`id`, `url_code`, `country_id`) VALUES
(1, 'vladimirskaya_oblast', 192),
(2, 'krym', 192),
(3, 'yaroslavskaya_oblast', 192),
(4, 'ivanovskaya_oblast', 192),
(5, 'moskovskaya_oblast', 192),
(6, 'kostromskaya_oblast', 192),
(7, 'novgorodskaya_oblast', 192),
(8, 'pskovskaya_oblast', 192),
(9, 'leningradskaya_oblast', 192),
(10, 'nizhegorodskaya_oblast', 192),
(11, 'saint_petersburg', 192),
(12, 'krasnoyarskiy_kray', 192),
(13, 'respublika_bashkortostan', 192),
(14, 'respublika_mariy_el', 192),
(15, 'wien', 13),
(16, 'vaud', 44),
(17, 'uri', 44),
(18, 'vologodskaya_oblast', 192),
(19, 'yamalo_nenetskiy', 192),
(21, 'smolenskaya_oblast', 192),
(22, 'niederosterreich', 13),
(23, 'viciebskaja_voblast', 37),
(24, 'salzburg', 13),
(25, 'fribourg', 44),
(26, 'schaffhausen', 44),
(27, 'bern', 44),
(28, 'judetul_brasov', 190),
(29, 'judetul_prahova', 190),
(30, 'gorod_sankt_peterburg', 192),
(31, 'judetul_mures', 190),
(32, 'ryazanskaya_oblast', 192),
(33, 'tverskaya_oblast', 192),
(34, 'municipiul_bucuresti', 190),
(35, 'tulskaya_oblast', 192),
(36, 'volgogradskaya_oblast', 192),
(37, 'saratovskaya_oblast', 192),
(38, 'samarskaya_oblast', 192),
(39, 'sverdlovskaya_oblast', 192),
(40, 'tyumenskaya_oblast', 192),
(41, 'omskaya_oblast', 192),
(42, 'odessa_oblast', 231),
(43, 'respublika_tatarstan', 192),
(44, 'permskiy_kray', 192),
(45, 'chelyabinskaya_oblast', 192),
(46, 'catalunya', 69),
(47, 'prague', 57),
(48, 'central_bohemian_region', 57),
(49, 'canarias', 69),
(50, 'lazio', 111),
(52, 'comunidad_de_madrid', 69),
(53, 'irkutskaya_oblast', 192),
(54, 'buryatiya_republits', 192),
(56, 'thessalia_sterea_ellada', 90),
(57, 'veneto', 111),
(58, 'baden_wurttemberg', 58),
(59, 'hessen', 58),
(60, 'brandenburg', 58),
(61, 'bayern', 58),
(62, 'liguria', 111),
(63, 'lombardia', 111),
(64, 'toscana', 111),
(65, 'la_habana', 52),
(66, 'provence_alpes_cote_dazur', 76),
(67, 'cataluna', 69),
(68, 'campania', 111),
(70, 'south_moravian_region', 57),
(71, 'ile_de_france', 76),
(72, 'normandie', 76),
(73, 'east', 110),
(74, 'yunnan_sheng', 49),
(75, 'oita_ken', 115),
(76, 'british_columbia', 39),
(77, 'nevada', 234),
(78, 'central_visayas', 178),
(79, 'andalucia', 69),
(80, 'kaliningradskaya_oblast', 192),
(81, 'arizona', 234),
(82, 'ontario', 39),
(83, 'chihuahua', 158),
(84, 'marche', 111),
(85, 'trentino_alto_adige', 111),
(86, 'wyoming', 234),
(87, 'region_de_valparaiso', 47),
(88, 'south_district', 104),
(90, 'judetul_tulcea', 190),
(91, 'maharashtra', 106),
(92, 'menia_governorate', 66),
(93, 'mahajanga', 143),
(94, 'denizli', 226),
(95, 'northern_ireland', 78),
(96, 'castilla_y_leon', 69),
(97, 'region_de_los_rios', 47),
(98, 'guangxi_zhuangzuzizhiqu', 49),
(99, 'shaanxi_sheng', 49),
(100, 'california', 234),
(101, 'pirkanmaa', 71),
(103, 'oslo', 168),
(104, 'kyzylorda_province', 126),
(105, 'scotland', 78),
(106, 'castilla_la_mancha', 69),
(107, 'orenburgskaya_oblast', 192),
(108, 'southwest_finland', 71),
(109, 'hyogo_ken', 115),
(110, 'licko_senjska_zupanija', 99),
(111, 'niedersachsen', 58),
(112, 'sachsen', 58),
(113, 'wales', 78),
(114, 'england', 78),
(115, 'artemisa', 52),
(116, 'shanghai_shi', 49),
(117, 'beijing_shi', 49),
(118, 'parana', 32),
(119, 'new_valley_governorate', 66),
(120, 'tel_aviv_district', 104),
(121, 'nunavut', 39),
(122, 'quebec', 39),
(124, 'tirol', 13),
(126, 'red_sea_governorate', 66),
(127, 'cairo_governorate', 66),
(128, 'south_sinai_governorate', 66),
(129, 'aswan_governorate', 66),
(130, 'alexandria_governorate', 66),
(131, 'luxor_governorate', 66),
(132, 'giza_governorate', 66),
(133, 'san_juan', 11),
(134, 'moscow', 192);

-- --------------------------------------------------------

--
-- Структура таблицы `country_states_cities_google_translates`
--

CREATE TABLE `country_states_cities_google_translates` (
  `id` int(11) UNSIGNED NOT NULL,
  `country_id` int(11) UNSIGNED NOT NULL,
  `state_id` int(11) UNSIGNED NOT NULL,
  `language` varchar(255) NOT NULL,
  `google_name` varchar(50) NOT NULL,
  `translate` varchar(255) NOT NULL,
  `only_for_state` varchar(255) DEFAULT NULL
) ENGINE=InnoDB AVG_ROW_LENGTH=512 DEFAULT CHARSET=utf8;

--
-- Дамп данных таблицы `country_states_cities_google_translates`
--

INSERT INTO `country_states_cities_google_translates` (`id`, `country_id`, `state_id`, `language`, `google_name`, `translate`, `only_for_state`) VALUES
(1, 13, 22, 'RU', 'Niederösterreich', 'Нижняя Австрия', NULL),
(2, 13, 15, 'RU', 'Wien', 'Вена', NULL),
(3, 13, 0, 'RU', 'Vorarlberg', 'Форарльберг', NULL),
(4, 13, 24, 'RU', 'Salzburg', 'Зальцбург', NULL),
(5, 231, 42, 'RU', 'Одеська область', 'Одесская область', NULL),
(6, 58, 58, 'RU', 'Baden-Württemberg', 'Баден-Вюртемберг', NULL),
(7, 58, 61, 'RU', 'Bayern', 'Бавария', NULL),
(8, 58, 60, 'RU', 'Brandenburg', 'Бранденбург', NULL),
(9, 58, 59, 'RU', 'Hessen', 'Гессен', NULL),
(10, 111, 50, 'RU', 'Lazio', 'Лацио', NULL),
(11, 111, 68, 'RU', 'Campania', 'Кампания', NULL),
(12, 111, 62, 'RU', 'Liguria', 'Лигурия', NULL),
(13, 111, 63, 'RU', 'Lombardia', 'Ломбардия', NULL),
(14, 111, 64, 'RU', 'Toscana', 'Тоскана', NULL),
(15, 111, 57, 'RU', 'Veneto', 'Венеция', NULL),
(16, 76, 71, 'RU', 'Île-de-France', 'Иль-де-Франс', NULL),
(17, 76, 72, 'RU', 'Normandie', 'Нормандия', NULL),
(18, 76, 66, 'RU', 'Provence-Alpes-Côte d\'Azur', 'Прованс - Альпы - Лазурный Берег', NULL),
(19, 44, 17, 'RU', 'Uri', 'Ури', NULL),
(20, 44, 16, 'RU', 'Vaud', 'Во', NULL),
(21, 44, 26, 'RU', 'Schaffhausen', 'Шаффхаузен', NULL),
(22, 44, 25, 'RU', 'Fribourg', 'Фрибур', NULL),
(23, 44, 27, 'RU', 'Bern', 'Берн', NULL),
(24, 190, 28, 'RU', 'Județul Brașov', 'Брашов', NULL),
(25, 190, 31, 'RU', 'Județul Mureș', 'Муреш', NULL),
(26, 190, 29, 'RU', 'Județul Prahova', 'Прахова', NULL),
(27, 190, 34, 'RU', 'Municipiul București', 'Бухарест', NULL),
(28, 69, 46, 'RU', 'Catalunya', 'Каталония', NULL),
(29, 69, 0, 'RU', 'Illes Balears', 'Балеарские острова', NULL),
(30, 52, 65, 'RU', 'La Habana', 'Гавана', NULL),
(31, 192, 11, 'RU', 'город Санкт-Петербург', 'Районы Санкт-Петербурга', 'gorod_sankt_peterburg'),
(33, 192, 11, 'RU', 'город Санкт-Петербург', 'Санкт-Петербург', 'saint_petersburg');



--
-- Индексы таблицы `country`
--
ALTER TABLE `country`
  ADD PRIMARY KEY (`id`),
  ADD UNIQUE KEY `UK_country_code` (`code2`),
  ADD UNIQUE KEY `UK_country_local_code` (`local_code`);

--
-- Индексы таблицы `country_name`
--
ALTER TABLE `country_name`
  ADD PRIMARY KEY (`id`),
  ADD UNIQUE KEY `UK_country_name` (`country_id`,`language`),
  ADD KEY `country_id` (`country_id`),
  ADD KEY `language` (`language`);

--
-- Индексы таблицы `country_params`
--
ALTER TABLE `country_params`
  ADD PRIMARY KEY (`id`),
  ADD KEY `IDX_country_params_country_id` (`country_id`);

--
-- Индексы таблицы `country_states`
--
ALTER TABLE `country_states`
  ADD PRIMARY KEY (`id`),
  ADD KEY `IDX_country_states_country_id` (`country_id`);

--
-- Индексы таблицы `country_states_cities_google_translates`
--
ALTER TABLE `country_states_cities_google_translates`
  ADD PRIMARY KEY (`id`),
  ADD KEY `IDX_country_states_google_tran` (`state_id`),
  ADD KEY `IDX_country_states_translate` (`country_id`),
  ADD KEY `IDX_country_states_translate_l` (`language`),
  ADD KEY `UK_country_states_translate_n` (`google_name`);

--
-- AUTO_INCREMENT для сохранённых таблиц
--

--
-- AUTO_INCREMENT для таблицы `country`
--
ALTER TABLE `country`
  MODIFY `id` int(11) UNSIGNED NOT NULL AUTO_INCREMENT, AUTO_INCREMENT=252;
--
-- AUTO_INCREMENT для таблицы `country_name`
--
ALTER TABLE `country_name`
  MODIFY `id` int(11) NOT NULL AUTO_INCREMENT, AUTO_INCREMENT=503;
--
-- AUTO_INCREMENT для таблицы `country_params`
--
ALTER TABLE `country_params`
  MODIFY `id` int(11) NOT NULL AUTO_INCREMENT, AUTO_INCREMENT=53;
--
-- AUTO_INCREMENT для таблицы `country_states`
--
ALTER TABLE `country_states`
  MODIFY `id` int(11) UNSIGNED NOT NULL AUTO_INCREMENT, AUTO_INCREMENT=135;
--
-- AUTO_INCREMENT для таблицы `country_states_cities_google_translates`
--
ALTER TABLE `country_states_cities_google_translates`
  MODIFY `id` int(11) UNSIGNED NOT NULL AUTO_INCREMENT, AUTO_INCREMENT=34;
--
-- AUTO_INCREMENT для таблицы `landmarks_geocode_collection`
--
ALTER TABLE `landmarks_geocode_collection`
  MODIFY `id` int(11) UNSIGNED NOT NULL AUTO_INCREMENT, AUTO_INCREMENT=2694;
/*!40101 SET CHARACTER_SET_CLIENT=@OLD_CHARACTER_SET_CLIENT */;
/*!40101 SET CHARACTER_SET_RESULTS=@OLD_CHARACTER_SET_RESULTS */;
/*!40101 SET COLLATION_CONNECTION=@OLD_COLLATION_CONNECTION */;
